params_label,split_id,test_groups,test_start,test_end,purged_train_bars,train_score,test_score,train_return_pct,train_monthly_return_pct,train_max_dd_pct,train_profit_factor,train_trades,test_return_pct,test_monthly_return_pct,test_max_dd_pct,test_profit_factor,test_trades,test_win_rate_pct,test_expectancy_pct,train_test_gap_pct
candidate_01,1,"0,1",2024-06-01 00:00:00,2024-12-03 03:00:00,12995,11.44085025352642,9.571152057228257,33.569508889521195,1.6405594041609683,-8.983789081406634,1.6761218205520911,78,13.549207020701036,2.111625311783083,-6.540475380589794,2.1940574897005614,18,88.88888888888889,0.7488072289683466,0.0
candidate_01,2,"0,2",2024-06-01 00:00:00,2025-03-05 17:00:00,11459,14.49059084244589,5.8796345322561425,40.13286923709545,1.6331045300814973,-7.733417480221849,1.9761846743801215,70,8.599032492350855,1.365854120153842,-6.252638484449657,1.8650732882356265,17,88.23529411764706,0.5074448387438596,16.364562402770293
candidate_01,3,"0,3",2024-06-01 00:00:00,2025-06-06 07:00:00,11459,15.043853718019673,0.27972003770671483,40.967806940643015,1.662094001666814,-7.733417403398956,2.04472486020631,63,4.547611650915018,0.7340426414117474,-8.983789250241603,1.2346171647100415,26,84.61538461538461,0.18874517827611245,55.83627396070136
candidate_01,4,"0,4",2024-06-01 00:00:00,2025-09-06 21:00:00,11459,12.894064263362933,0.16486906185441141,38.860659567835484,1.5886150420760803,-10.333928244912528,1.9053953061345577,62,2.4814562097483117,0.40391537425525925,-6.252638484449657,1.1729904774558113,19,84.21052631578947,0.13261208370291458,74.57437053300195
candidate_01,5,"0,5",2024-06-01 00:00:00,2025-12-08 11:00:00,11459,11.743081159036096,7.842728526480088,34.77402246398413,1.4430320609089442,-8.98378960085654,1.79763837817877,70,11.541710780400628,1.8125240137769616,-6.252638484449657,1.9058829161145283,19,84.21052631578947,0.6087454278043642,0.0
candidate_01,6,"0,6",2024-06-01 00:00:00,2026-03-11 01:00:00,11459,9.232251728221588,1.2471106096345175,27.89556596192948,1.1882279446378208,-8.98378960085654,1.7274614556329895,68,3.7674538044634165,0.610036182768825,-6.726744893465164,1.1945208229629627,16,81.25,0.2619094713054848,48.660003703686016
candidate_01,7,"0,7",2024-06-01 00:00:00,2026-06-11 14:00:00,11796,7.586508482432314,9.406135458982039,22.71530503424173,1.2758197428624607,-8.98378960085654,1.529107544540498,64,14.155336617922165,2.2015663540153385,-6.252638484449657,2.2418781191273824,22,86.36363636363636,0.6339647598079893,0.0
candidate_01,8,"1,2",2024-09-01 14:00:00,2025-03-05 17:00:00,11795,15.572433999431773,11.918226067270348,44.122834008607924,1.513503339584621,-7.733417547527832,2.0435238844360324,72,17.439238058454176,2.678848765834063,-6.540475380589794,2.692517640452267,23,91.30434782608695,0.7567390917096075,0.0
candidate_01,9,"1,3",2024-09-01 14:00:00,2025-06-06 07:00:00,10259,13.9470712264969,6.044632064790448,37.91129490950795,1.3298649263596918,-7.733417429052114,2.228638366754772,57,13.058022445820816,2.0388534159465177,-8.983789250241603,1.708970239323718,32,87.5,0.4276816089329464,0.0
candidate_01,10,"1,4",2024-09-01 14:00:00,2025-09-06 21:00:00,10259,10.682253406428813,6.375924261154431,33.40994391534533,1.1917612242946296,-10.33392805316854,1.898479265551885,58,10.823677303399414,1.7044500013838615,-6.540475380589794,1.852863996492572,25,88.0,0.4519226576412295,0.0
candidate_01,11,"1,5",2024-09-01 14:00:00,2025-12-08 11:00:00,10259,9.577823644375417,13.545308237344956,29.483720734328543,1.0676043458476947,-8.983789533493812,1.7793016942253257,66,20.621456979456674,3.131304386651057,-6.540475380589794,2.551795775116894,25,88.0,0.8137839991583313,0.0
candidate_01,12,"1,6",2024-09-01 14:00:00,2026-03-11 01:00:00,10259,7.132957191256877,7.53358656648328,22.875264925597747,0.8502391062905845,-8.983789533493812,1.6976333439733517,64,12.214357995503967,1.913240698296148,-6.726744893465164,1.67837445417668,22,86.36363636363636,0.5894994723437782,0.0
candidate_01,13,"1,7",2024-09-01 14:00:00,2026-06-11 14:00:00,10596,5.350389675291811,15.040939441717633,17.89834584476577,0.8415251091333786,-8.983789533493812,1.4812063374361137,60,23.447837840170482,3.5256860160086223,-6.540475380589794,2.938366434853516,28,89.28571428571429,0.8116307702303974,0.0
candidate_01,14,"2,3",2024-12-03 04:00:00,2025-06-06 07:00:00,11795,12.05949251691028,2.883091603052536,34.727877473569826,1.2326530844858352,-8.1583698106375,1.84878131253406,64,8.129261095379015,1.2936137131003278,-8.983789250241603,1.4815191781049497,31,87.09677419354838,0.28496269751837594,0.0
candidate_01,15,"2,4",2024-12-03 04:00:00,2025-09-06 21:00:00,10259,12.012702626566577,3.947336695844061,33.568995206317574,1.1967166512103056,-8.1583698106375,1.9075031297877776,54,5.992322167424091,0.9616526103920275,-4.504297939375778,1.5344371261377834,24,87.5,0.2685874407602546,19.642414148791595
candidate_01,16,"2,5",2024-12-03 04:00:00,2025-12-08 11:00:00,10259,10.545629674354016,10.932348035118249,30.711024245703044,1.1067981920318326,-8.1583698106375,1.8120112059142135,63,15.362967910454728,2.3780859795218934,-4.95728263081987,2.3251807351893334,24,87.5,0.6455263381739021,0.0
candidate_01,17,"2,6",2024-12-03 04:00:00,2026-03-11 01:00:00,10259,8.081585330850922,4.015352734500712,24.03993059071603,0.8893486585057397,-8.1583698106375,1.7345050783898928,61,7.322376173356648,1.168918406624675,-6.726744893465164,1.4438953657233968,21,85.71428571428571,0.38652478708468996,0.0
candidate_01,18,"2,7",2024-12-03 04:00:00,2026-06-11 14:00:00,10596,6.293742339590281,12.009288109881194,19.01583806174849,0.8899543728276393,-8.1583698106375,1.5115069039290503,57,18.06613277599589,2.769417615972114,-5.994973805123827,2.741504955686555,27,88.88888888888889,0.6619886556913519,0.0
candidate_01,19,"3,4",2025-03-05 18:00:00,2025-09-06 21:00:00,11795,12.857305671726627,-1.552636213091835,37.27380169248593,1.3105713565745303,-8.365456017272821,1.792577450676268,63,2.0381478694944333,0.33236051212384154,-8.983789250241603,1.1050550449815126,33,84.84848484848484,0.08263366529634612,74.64002929283151
candidate_01,20,"3,5",2025-03-05 18:00:00,2025-12-08 11:00:00,10259,12.27217681607069,4.6950050879767815,34.60549652950648,1.2288721321200846,-8.1583698106375,1.9558667755413288,57,11.05921011633968,1.7399652784736208,-8.983789250241603,1.5613602510430808,33,84.84848484848484,0.3567710452335443,0.0
candidate_01,21,"3,6",2025-03-05 18:00:00,2026-03-11 01:00:00,10259,9.792187597668201,-0.6210861708920495,27.874367028522617,1.0156664032894502,-8.1583698106375,1.8998555828754409,55,3.3185825703908156,0.5383344245130761,-8.983789250241603,1.134335584918098,30,83.33333333333334,0.14659443017706003,46.99692509572372
candidate_01,22,"3,7",2025-03-05 18:00:00,2026-06-11 14:00:00,10596,7.997547151754423,6.203788862279414,22.694965116330646,1.0464038932068043,-8.1583698106375,1.638204736553442,51,13.661530082780459,2.1287139649303954,-8.983789250241603,1.7391619608232987,36,86.11111111111111,0.39318072444999475,0.0
candidate_01,23,"4,5",2025-06-06 08:00:00,2025-12-08 11:00:00,11795,13.758918956765834,5.655801006179729,40.58790133243515,1.4099493414468034,-8.98378969794209,1.9380463761289095,66,8.864367138580054,1.4065413850482544,-4.95728263081987,1.634846283522576,26,84.61538461538461,0.3609884403032085,0.24170771944557423
candidate_01,24,"4,6",2025-06-06 08:00:00,2026-03-11 01:00:00,10259,6.108746969282256,-0.9890601016757314,22.635788892825314,0.8421534420319565,-10.875944577822382,1.5700528536639424,57,1.2767162074916794,0.2088485355551839,-6.726744893465164,1.066860723290178,23,82.6086956521739,0.08739512436905461,75.20065523317557
candidate_01,25,"4,7",2025-06-06 08:00:00,2026-06-11 14:00:00,10596,6.109617484238877,6.743564232968778,20.860954004343757,0.9689802790041391,-10.333928395280822,1.5260798396538784,50,11.415257928654054,1.7939408161135484,-5.994973805123827,1.895205357380429,29,86.20689655172413,0.405750380530216,0.0
candidate_01,26,"5,6",2025-09-06 22:00:00,2026-03-11 01:00:00,11795,10.559219988512348,5.960615645508715,32.279101021970845,1.1563643043507321,-8.98378969794209,1.7554244927865685,70,10.230461254220447,1.6147205005831333,-6.726744893465164,1.5304400044534288,23,82.6086956521739,0.48072266949633913,0.0
candidate_01,27,"5,7",2025-09-06 22:00:00,2026-06-11 14:00:00,10596,6.201672119257818,13.62568163481741,19.86950345589582,0.9266601539777541,-8.98378969794209,1.5193545698731552,57,21.265338491741083,3.222374525279381,-5.994973805123827,2.590870916072307,29,86.20689655172413,0.717699812872545,0.0
candidate_01,28,"6,7",2025-12-08 12:00:00,2026-06-11 14:00:00,12132,7.862328545784457,7.462955930331136,23.585827086469457,1.2833680248670154,-8.98378969794209,1.5465999692962005,67,12.813362122427051,2.0029623341448755,-6.726744893465164,1.7091863332618902,26,84.61538461538461,0.5168339609964863,0.0
