Size,EntryBar,ExitBar,EntryPrice,ExitPrice,SL,TP,PnL,Commission,ReturnPct,EntryTime,ExitTime,Duration,Tag,Entry_ema_fast,Exit_ema_fast,Entry_ema_slow,Exit_ema_slow,Entry_rsi,Exit_rsi,Entry_atr,Exit_atr,Entry_breakout_high,Exit_breakout_high,Entry_breakout_low,Exit_breakout_low,Entry_avg_volume,Exit_avg_volume,Entry_rsi_rank,Exit_rsi_rank,Entry_tactical_support,Exit_tactical_support,Entry_tactical_resistance,Exit_tactical_resistance,Entry_macro_support,Exit_macro_support,Entry_macro_resistance,Exit_macro_resistance
0.13713439,1358,1398,69205.9,69800.01428571428,64368.19535714285,69800.01428571428,62.4110088997507,19.062491261963714,0.006576149886477445,2024-07-27 14:00:00,2024-07-29 06:00:00,1 days 16:00:00,,0.0006526841813219544,0.000659556290038821,0.0006375491435094819,0.0006413232212558541,69.08681771789514,69.06787515972147,3.3034999999999884e-06,4.449571428571425e-06,0.00069366,0.000697822,0.000673063,0.0006736169999999999,997464978000.0,1036546954000.0,0.74,0.92,0.0006446537500000001,0.000650891,0.000666298875,0.0006709712500000001,0.0005966459999999999,0.0005966459999999999,0.00064142605,0.000647226775
-0.16416189,1802,1819,58172.7,56773.642857142855,61020.658571428576,56773.642857142855,210.80205589741183,18.86980889201657,0.022074113802522496,2024-08-15 02:00:00,2024-08-15 19:00:00,0 days 17:00:00,,0.0006013039259526435,0.0005996127488017366,0.000618063648719673,0.0006168564963793854,34.891651502184956,29.406673251008215,6.6569285714285675e-06,6.525071428571455e-06,0.000618397,0.0005982,0.000580592,0.0005747419999999999,1148327736000.0,1291784726000.0,0.16,0.02,0.0005879445,0.00058544625,0.000608087125,0.00060706675,0.0006089252750000001,0.000608089825,0.00065919045,0.00065919045
-0.16816586,1906,1920,57977.3,59768.3775,59768.3775,57201.600000000006,-320.9988912322209,19.80080311807015,-0.032923630067284965,2024-08-19 10:00:00,2024-08-20 00:00:00,0 days 14:00:00,,0.0005953635185507818,0.0005948092851189385,0.0006120722958988377,0.0006113673334948806,31.304454441795585,73.8264866867745,4.031642857142833e-06,5.252642857142868e-06,0.00059942,0.000595854,0.000579295,0.0005775,572099892000.0,787577466000.0,0.08,1.0,0.0005839175,0.0005849505,0.000596520375,0.000596520375,0.0005962208,0.000594685,0.00065919045,0.0006590078
-0.16164801,2175,2222,58430.4,57517.32857142857,61138.74821428571,57517.32857142857,128.85345982883774,18.742719587591573,0.013642276965415343,2024-08-30 15:00:00,2024-09-01 14:00:00,1 days 23:00:00,,0.0006082975267378427,0.0006027179028576487,0.0006121574218068996,0.0006097365752116475,32.42147101888203,36.67708824507432,4.8530714285714434e-06,4.272000000000012e-06,0.000599149,0.0005910830000000001,0.000584101,0.00057651,1178701886000.0,755732276000.0,0.02,0.18,0.0005940551250000001,0.0005928957500000001,0.000611481125,0.000611481125,0.0005923636750000001,0.000591008375,0.000609974575,0.000607691875
-0.16595284,2271,2281,57651.6,56858.51428571428,60633.31035714286,56858.51428571428,112.61154797470485,19.00327867443886,0.011770282177771386,2024-09-03 15:00:00,2024-09-04 01:00:00,0 days 10:00:00,,0.0005975932752611422,0.0005962433531285649,0.0006070925188305692,0.0006064244963267614,34.03477589836888,27.022166432710705,4.084214285714299e-06,5.760857142857147e-06,0.0005979000000000001,0.0005933290000000001,0.000575301,0.000570936,975153054000.0,1021266590000.0,0.08,0.02,0.000591672125,0.00059161625,0.000611481125,0.000611481125,0.0005895614,0.000589290325,0.0006051275000000001,0.0006046339749999999
-0.18139431,2347,2417,53333.09999999999,56391.2,60126.009999999995,51841.1,-574.6253030997332,19.903363688733002,-0.059396965486724025,2024-09-06 19:00:00,2024-09-09 17:00:00,2 days 22:00:00,,0.0005849274091226174,0.000570183710461246,0.000600783492974578,0.0005927433626780401,27.751318860686197,68.78624182351633,7.721000000000006e-06,4.935714285714294e-06,0.00057,0.000565,0.00053333,0.000542899,1481020242000.0,876562932000.0,0.04,1.0,0.000584090375,0.000567031625,0.000597531875,0.000590501625,0.000587307575,0.0005853415,0.000603181325,0.000601503925
0.14204095,2780,2822,64270.00000000001,65090.40000000001,59294.715000000004,65090.40000000001,98.15592127162064,18.37447410838,0.010752133188112762,2024-09-24 20:00:00,2024-09-26 14:00:00,1 days 18:00:00,,0.000613863306677023,0.0006196787971609066,0.0006017943302781499,0.0006049950142558231,64.90609999207082,65.3005341555598,4.3371428571428575e-06,3.7237142857142767e-06,0.000643577,0.000647,0.0006268819999999999,0.000626344,1016232394000.0,1048219506000.0,0.94,0.88,0.0005945880000000001,0.000600397375,0.00062849425,0.00063128825,0.00058032465,0.00058032465,0.000602864625,0.000602864625
0.14346627,3244,3251,64280.8,65200.8,61600.270000000004,65200.8,113.41272621436809,18.576242185632005,0.01229789299448677,2024-10-14 04:00:00,2024-10-14 11:00:00,0 days 07:00:00,,0.000623131881098278,0.0006241320339300623,0.0006177097200878522,0.0006181315342722394,70.57371917049839,72.88381574830939,4.579571428571412e-06,5.173857142857105e-06,0.000643776,0.00065,0.0006202,0.0006202,567959144000.0,723380664000.0,0.98,0.98,0.0006173815,0.0006173815,0.0006261562500000001,0.0006261562500000001,0.000614832,0.00061709045,0.000631512175,0.0006317991000000001
0.14044119,3263,3277,66431.8,67371.39999999998,61659.68249999999,67371.39999999998,113.16706149018975,18.791480633808,0.012129684879831489,2024-10-14 23:00:00,2024-10-15 13:00:00,0 days 14:00:00,,0.0006266916956492168,0.0006294617405910851,0.0006191642721262073,0.0006203459666309296,69.01374294674778,75.28859025386555,4.63949999999999e-06,4.6519285714285486e-06,0.0006650650000000001,0.00066533,0.000625775,0.000652001,945945484000.0,1138157368000.0,0.66,0.9,0.0006173815,0.0006173815,0.0006261562500000001,0.0006261562500000001,0.000618241425,0.000619220525,0.0006323449250000001,0.000633154825
0.13950642,3278,3350,67646.8,68577.0857142857,61782.49464285715,68577.0857142857,110.77672296265176,19.004106614489146,0.011738350203873779,2024-10-15 14:00:00,2024-10-18 14:00:00,3 days 00:00:00,,0.000629620978195131,0.000646592461883427,0.000620419398447509,0.0006283277965186701,48.774088403858,63.00649182638319,6.344714285714268e-06,4.364214285714294e-06,0.000677722,0.00068371,0.000652001,0.0006668230000000001,1327906202000.0,991716658000.0,0.2,1.0,0.0006173815,0.0006224298750000001,0.0006261562500000001,0.00063795525,0.000619280325,0.000623862525,0.0006332043,0.000637374075
0.13095317,3645,3761,72868.0,67208.18464285713,67208.18464285713,73846.18571428572,-759.5141830530274,18.343420420487462,-0.0795944933549119,2024-10-30 21:00:00,2024-11-04 17:00:00,4 days 20:00:00,,0.0006840374103157707,0.0006897103098043614,0.0006558880878779145,0.0006650146570690353,54.41117256435834,37.84243999827895,5.271642857142857e-06,5.020500000000003e-06,0.0007286860000000001,0.000694953,0.000714442,0.00067602,1270165062000.0,839539742000.0,0.18,0.3,0.000673549125,0.000675722875,0.000683051125,0.0006942504999999999,0.0006276707,0.00065344485,0.000673426375,0.0006815859250000001
0.12071153,3795,3795,73079.0,75165.91428571427,67503.28535714287,75165.91428571427,234.0197459892798,17.894870418147427,0.02652840585432978,2024-11-06 03:00:00,2024-11-06 03:00:00,0 days 00:00:00,,0.0006902470465152379,0.0006902470465152379,0.0006669646684355049,0.0006669646684355049,79.4553954171291,79.4553954171291,1.2083428571428565e-05,1.2083428571428565e-05,0.00073344,0.00073344,0.0006855,0.0006855,1443613310000.0,1443613310000.0,1.0,1.0,0.0006783211250000001,0.0006783211250000001,0.0006955630000000001,0.0006955630000000001,0.00066448455,0.00066448455,0.00068291505,0.00068291505
0.09885924,4029,4122,91479.3,93621.12857142858,73843.13821428572,93621.12857142858,193.44065708946857,18.298887692245714,0.021389846040111106,2024-11-15 21:00:00,2024-11-19 18:00:00,3 days 21:00:00,,0.0008138336182661693,0.0008588720668410931,0.0007332129376969463,0.0007663933160200369,65.7304314531234,65.04873997659675,1.0700285714285724e-05,8.152571428571408e-06,0.00091499,0.0009333389999999999,0.00087111,0.0009028,1520530432000.0,1241693840000.0,1.0,0.98,0.0007426525000000001,0.0007915077500000001,0.000815034125,0.000899881125,0.000681177725,0.0006869948500000001,0.0007254355000000001,0.000765182475
0.09632686,4156,4156,95790.1,97526.6,83984.0275,97526.6,148.6500016934378,18.621590696562002,0.01611004999472812,2024-11-21 04:00:00,2024-11-21 04:00:00,0 days 00:00:00,,0.0008745376130299667,0.0008745376130299667,0.0007787098122587951,0.0007787098122587951,79.02223743946901,79.02223743946901,9.414571428571438e-06,9.414571428571438e-06,0.000959914,0.000959914,0.000927302,0.000927302,1350403630000.0,1350403630000.0,1.0,1.0,0.0008459175,0.0008459175,0.0009065832500000001,0.0009065832500000001,0.0006912274,0.0006912274,0.000806616425,0.000806616425
0.09599468,4157,4183,97591.2,99474.1142857143,84309.31285714285,99474.1142857143,161.83253254061563,18.91722178395657,0.017274600285974436,2024-11-21 05:00:00,2024-11-22 07:00:00,1 days 02:00:00,,0.0008751947053021929,0.0008918708057483151,0.0007791420435301407,0.0007904059665495445,75.88989668238187,70.33661830561785,9.702999999999997e-06,7.169357142857107e-06,0.00097839,0.0009941400000000001,0.000928317,0.0009562500000000001,1390083642000.0,1486857320000.0,0.98,0.78,0.0008577086250000001,0.00087765475,0.000906652,0.00091182625,0.0006912588500000001,0.0006942541,0.0008073821000000001,0.0008699636500000001
0.09836797,4347,4358,96798.0,97968.91428571429,91713.95285714285,97968.91428571429,96.02163534826536,19.158825981449716,0.010084375415076648,2024-11-29 03:00:00,2024-11-29 14:00:00,0 days 11:00:00,,0.0009357907181740219,0.0009380003523514644,0.0008423896092619404,0.0008453978098589082,63.898809985466755,69.49300944667466,5.571285714285724e-06,6.169999999999988e-06,0.000969329,0.00097568,0.000947001,0.00094768,794676174000.0,826033432000.0,0.8,0.92,0.00091938975,0.0009223853750000001,0.0009632325,0.000966059375,0.00075931545,0.000762017875,0.0009174623000000001,0.0009188783000000001
0.09824353,4414,4453,97848.2,94332.96928571428,94332.96928571428,98772.57142857142,-364.2292306060051,18.88055647015615,-0.037889423449500484,2024-12-01 22:00:00,2024-12-03 13:00:00,1 days 15:00:00,,0.0009477463390130758,0.0009501912205333102,0.0008598940961083898,0.0008680965548032198,59.94489812169028,32.059687244606366,4.412785714285682e-06,5.353071428571448e-06,0.0009787889999999999,0.0009662360000000001,0.0009573650000000001,0.0009440000000000001,421146366000.0,805947734000.0,0.98,0.04,0.0009453045000000001,0.0009552172499999999,0.0009717033750000001,0.000972581875,0.000801350925,0.00087391285,0.0009377722750000001,0.000950407425
0.09526065,4484,4484,97283.4,98666.88571428572,95580.58964285714,98666.88571428572,113.12539682374272,18.666351584828572,0.012206968800138874,2024-12-04 20:00:00,2024-12-04 20:00:00,0 days 00:00:00,,0.0009522704423715842,0.0009522704423715842,0.0008742942256947214,0.0008742942256947214,70.14129898191172,70.14129898191172,7.960785714285717e-06,7.960785714285717e-06,0.000973103,0.000973103,0.0009465080000000001,0.0009465080000000001,933184950000.0,933184950000.0,1.0,1.0,0.0009579536250000001,0.0009579536250000001,0.0009726610000000001,0.0009726610000000001,0.000885429225,0.000885429225,0.000956014475,0.000956014475
0.09184226,4730,4740,102073.3,103075.75714285712,97192.00892857143,103075.75714285712,73.22657650827267,18.841353044869145,0.007811132644034055,2024-12-15 02:00:00,2024-12-15 12:00:00,0 days 10:00:00,,0.0009900151987687236,0.00099204685328265,0.0009261366109869553,0.0009282320370152013,56.03595068011637,66.25916410991908,4.9768571428571325e-06,5.066357142857155e-06,0.0010216539999999999,0.001029,0.0010055980000000001,0.0010055980000000001,539395528000.0,571649034000.0,0.68,1.0,0.000973483375,0.0009760661250000001,0.0009999812500000001,0.001001833375,0.0009533461,0.00095522985,0.0009813479000000001,0.000982351375
0.09580429,5229,5261,98577.4,99727.9575,96360.26785714287,99727.9575,91.22984041319197,18.998503978483676,0.009659943785289704,2025-01-04 21:00:00,2025-01-06 05:00:00,1 days 08:00:00,,0.000962934160836893,0.0009666853561925719,0.0009551496159344403,0.0009570171672739414,59.181073305305766,72.1368896146831,3.773857142857172e-06,5.135642857142846e-06,0.0009866200000000001,0.000994654,0.000974382,0.00097227,418411802000.0,355754606000.0,0.62,1.0,0.000945416375,0.0009455028750000001,0.000966202875,0.000971819375,0.0009648760750000001,0.0009656849000000001,0.000997279575,0.0009949409250000001
-0.10493209,5436,5438,90827.5,89148.92857142858,97219.64821428573,89148.92857142858,157.25070541354899,18.88530280073572,0.016499353169469495,2025-01-13 12:00:00,2025-01-13 14:00:00,0 days 02:00:00,,0.000955608435487173,0.0009550634599947987,0.000956228512510912,0.000956043261880475,20.673162894495405,35.968295286358114,8.72264285714282e-06,1.0456928571428528e-05,0.000959345,0.000959345,0.0009080980000000001,0.0009025210000000001,556240140000.0,692369348000.0,0.02,0.14,0.0009433721250000001,0.0009433721250000001,0.0009696786250000001,0.0009696786250000001,0.000949178075,0.0009488527,0.000982336375,0.00098224195
0.09524115,5522,5535,101636.29999999999,103593.28571428571,94502.21964285715,103593.28571428571,166.83926820469148,19.54630175745214,0.01723553620676319,2025-01-17 02:00:00,2025-01-17 15:00:00,0 days 13:00:00,,0.0009646944002793656,0.0009693823132524698,0.0009593115824364801,0.000961069199882615,61.476226263406254,73.88325109029904,1.033414285714284e-05,6.879714285714266e-06,0.0010184439999999999,0.00103322,0.0009729360000000001,0.000993263,945269230000.0,976685434000.0,0.64,0.98,0.000947342125,0.000947342125,0.000979830125,0.0009816173750000002,0.000947957825,0.000947957825,0.0009770154,0.0009770154
0.09376603,5537,5588,104923.9,106269.78571428571,94593.89964285714,106269.78571428571,106.3955667917897,19.802793470496287,0.01081442863419518,2025-01-17 17:00:00,2025-01-19 20:00:00,2 days 03:00:00,,0.0009703838930815781,0.0009917262317905807,0.0009614414504593234,0.0009703009677421733,68.27520050415798,65.02864514404712,7.419499999999984e-06,8.809785714285719e-06,0.001049701,0.001062598,0.000993263,0.001034586,965865976000.0,745610984000.0,0.8,0.98,0.000947342125,0.000947342125,0.00098179175,0.000995616375,0.000947957825,0.000947957825,0.0009770154,0.0009770154
-0.1037118,6086,6093,95835.5,95085.97142857144,102069.15428571429,95085.97142857144,57.93414783377895,19.800809460505718,0.0058288118703402145,2025-02-09 14:00:00,2025-02-09 21:00:00,0 days 07:00:00,,0.0009896248757834624,0.0009883080790215545,0.000993591278219741,0.0009930847055350952,40.78885899885252,32.31799533635488,4.0444999999999695e-06,5.414428571428535e-06,0.000973017,0.000973017,0.000957667,0.0009563360000000001,576089294000.0,371345492000.0,0.16,0.02,0.000978141625,0.0009770332499999998,0.001019369875,0.0010179087500000001,0.000975507325,0.000975507325,0.0010280736,0.0010280736
-0.10331923,6134,6138,96731.8,95762.51428571428,101354.59285714287,95762.51428571428,80.25748931862239,19.888364331378,0.008030362300711875,2025-02-11 14:00:00,2025-02-11 18:00:00,0 days 04:00:00,,0.0009849026768355411,0.0009843018897020194,0.0009914097623410461,0.0009911503693296275,40.4339030969459,27.36870722341385,4.828357142857164e-06,5.280571428571414e-06,0.000984822,0.000984822,0.000966005,0.000959159,540800378000.0,579086456000.0,0.08,0.02,0.0009732542500000001,0.000972961,0.0010115723749999999,0.0010063963750000001,0.000977444375,0.000977444375,0.0010280736,0.0010280736
-0.10552316,6139,6157,95433.3,94377.18571428572,100798.05464285715,94377.18571428572,91.41511449600802,20.029402253706287,0.009077584029893128,2025-02-11 19:00:00,2025-02-12 13:00:00,0 days 18:00:00,,0.000984073172826923,0.0009811218674881505,0.0009910587591868314,0.0009897613226523575,24.56722193091447,36.287978884067435,5.486499999999983e-06,6.011714285714268e-06,0.000984822,0.0009646850000000001,0.0009536280000000001,0.000948143,596544068000.0,608818444000.0,0.02,0.12,0.000972847,0.000969776125,0.001006050375,0.000993116375,0.000977444375,0.000977444375,0.0010280736,0.0010280736
-0.10573018,6264,6280,96067.0,95328.98571428572,97645.37714285715,95328.98571428572,57.79405125029407,20.236332020848856,0.005689969500452842,2025-02-17 00:00:00,2025-02-17 16:00:00,0 days 16:00:00,,0.0009757386335771501,0.0009742759472916015,0.0009856398053749165,0.000984789704593019,35.89363886203702,33.82948642482614,3.8069285714285562e-06,4.645214285714281e-06,0.000976388,0.0009724760000000001,0.00096002,0.000954917,220240224000.0,303253264000.0,0.06,0.06,0.000966058375,0.000966058375,0.0009752352500000001,0.000975201625,0.00097614045,0.0009751127499999999,0.0010280736,0.0010280736
-0.10795529,6305,6307,94595.0,93478.6857142857,97545.59714285714,93478.6857142857,100.20848316277451,20.303549282654572,0.009812787145197946,2025-02-18 17:00:00,2025-02-18 19:00:00,0 days 02:00:00,,0.0009715033949463293,0.0009710830084833145,0.000983248969010624,0.000983056122181859,31.56599871434662,33.05089923662322,5.9149285714285626e-06,6.560214285714285e-06,0.000967373,0.000967373,0.000945602,0.000935599,487432558000.0,543245576000.0,0.04,0.08,0.000964073375,0.0009637450000000001,0.0009737301250000001,0.0009735345,0.00097371725,0.000973467025,0.0010255233,0.001025371025
-0.11157309,6455,6463,92380.1,90708.42857142857,97246.41571428571,90708.42857142857,166.08579387416233,20.427752876267572,0.016113674914835712,2025-02-24 23:00:00,2025-02-25 07:00:00,0 days 08:00:00,,0.0009653212463450449,0.0009627461763775005,0.0009774309876745,0.0009763450718439968,15.781538632979021,17.070667352228327,8.959642857142905e-06,1.1115214285714315e-05,0.000961475,0.000960551,0.000923,0.0009085,578260720000.0,836291794000.0,0.02,0.04,0.00096040925,0.0009600712499999999,0.000969693125,0.0009690500000000001,0.0009653259500000001,0.000964996975,0.000987230575,0.0009849970250000002
-0.12543489,6758,6760,83427.8,82463.41428571429,89142.86035714285,82463.41428571429,100.15906977310533,20.808546215895,0.009571084218929504,2025-03-09 14:00:00,2025-03-09 16:00:00,0 days 02:00:00,,0.0008845007807881374,0.0008837444920391636,0.0009254483802446417,0.000925013606514527,23.338670155872194,17.888807063682833,5.150285714285677e-06,6.473499999999965e-06,0.000864706,0.000864706,0.000833941,0.000826193,882503281999.9999,835171927999.9999,0.04,0.02,0.00085974325,0.000859535,0.00088978225,0.000888937125,0.0008973636,0.0008965853,0.000964379575,0.000964272225
-0.1319406,6858,7007,80034.6,86610.83964285714,86610.83964285714,78378.58571428571,-889.6603035160994,21.98729929374236,-0.08424962556819184,2025-03-13 18:00:00,2025-03-19 23:00:00,6 days 05:00:00,,0.0008524203387254151,0.0008411792835294092,0.0009040178375984184,0.0008843596810774155,37.13915188024645,77.74865104519844,8.611000000000033e-06,8.130071428571394e-06,0.000843071,0.0008647,0.000799034,0.00082708,1200658564000.0,891989898000.0,0.08,1.0,0.0008336938750000001,0.00082826475,0.000863624375,0.0008433535,0.00086267905,0.000841437325,0.00096017775,0.000903685
-0.11580399,7077,7082,83895.9,84162.53357142858,84162.53357142858,82826.475,-50.33906860010238,19.46183716072138,-0.0051813259646779596,2025-03-22 21:00:00,2025-03-23 02:00:00,0 days 05:00:00,,0.0008423582550380775,0.000842274620880129,0.0008786542493765357,0.0008782249292036096,44.68252301556919,52.98614161508357,1.8722142857142816e-06,2.031499999999995e-06,0.0008450900000000001,0.0008450900000000001,0.000838937,0.000835895,418103518000.0,397389992000.0,0.28,0.98,0.00082826475,0.00082826475,0.00084105325,0.000840748125,0.0008400846500000001,0.0008397323500000001,0.000875920325,0.000874780275
-0.11663338000000001,7235,7235,82889.7,82023.68571428572,85966.80214285714,82023.68571428572,81.77176768804193,19.23440558310086,0.008458239081574675,2025-03-29 11:00:00,2025-03-29 11:00:00,0 days 00:00:00,,0.0008545074015075648,0.0008545074015075648,0.0008737014597186562,0.0008737014597186562,21.883777275514646,21.883777275514646,4.826214285714273e-06,4.826214285714273e-06,0.000845897,0.000845897,0.000827554,0.000827554,844426280000.0,844426280000.0,0.06,0.06,0.0008405027500000001,0.0008405027500000001,0.0008583689999999999,0.0008583689999999999,0.000839225375,0.000839225375,0.0008613572250000001,0.0008613572250000001
-0.11897251,7357,7376,81912.3,83968.1,85875.79750000002,80728.4,-264.31889360580465,19.735207547804002,-0.027122671442506283,2025-04-03 13:00:00,2025-04-04 08:00:00,0 days 19:00:00,,0.0008440343696380511,0.0008419892204955608,0.0008644246429869507,0.0008628645105975912,37.38012531565711,63.7311178972445,6.250214285714298e-06,5.479500000000043e-06,0.000885,0.00083987,0.0008183,0.000811722,1236268002000.0,1227209714000.0,0.08,0.9,0.0008397603750000001,0.0008375315,0.0008569821250000001,0.0008562978750000001,0.0008341728250000001,0.000832532075,0.000857597275,0.0008532018
-0.11588219,7433,7433,81932.0,81188.05714285714,84792.83892857142,81188.05714285714,67.30701806593231,18.902709454639428,0.007089083630327618,2025-04-06 17:00:00,2025-04-06 17:00:00,0 days 00:00:00,,0.0008387407909960263,0.0008387407909960263,0.0008591894868897522,0.0008591894868897522,22.364334760352747,22.364334760352747,4.5565714285714455e-06,4.5565714285714455e-06,0.000837905,0.000837905,0.0008187760000000001,0.0008187760000000001,597004342000.0,597004342000.0,0.02,0.02,0.00083178075,0.00083178075,0.0008562978750000001,0.0008562978750000001,0.0008312582,0.0008312582,0.00084664495,0.00084664495
-0.1183462,7434,7434,80765.9,79854.5857142857,84801.19214285714,79854.5857142857,88.84175859356094,19.008824126439997,0.009294687485684046,2025-04-06 18:00:00,2025-04-06 18:00:00,0 days 00:00:00,,0.0008384213571688102,0.0008384213571688102,0.0008590373814804518,0.0008590373814804518,15.211022467065547,15.211022467065547,5.884857142857157e-06,5.884857142857157e-06,0.000837905,0.000837905,0.0008050710000000001,0.0008050710000000001,651527666000.0,651527666000.0,0.02,0.02,0.0008315333750000001,0.0008315333750000001,0.0008562978750000001,0.0008562978750000001,0.0008312290250000001,0.0008312290250000001,0.0008464750500000001,0.0008464750500000001
-0.12459254,7481,7489,77393.5,75882.04285714285,84367.54357142856,75882.04285714285,169.2192953252642,19.09698920445029,0.017549039648032505,2025-04-08 17:00:00,2025-04-09 01:00:00,0 days 08:00:00,,0.0008240171269124353,0.0008210632469512627,0.000851651284772173,0.0008501627985755704,37.81361932112534,32.397631381971024,7.94828571428569e-06,9.79964285714285e-06,0.0008083210000000001,0.000803595,0.0007732700000000001,0.00075888,2320410364000.0,2154099078000.0,0.42,0.2,0.000826814,0.000826247375,0.0008413464999999999,0.000840201875,0.000828905075,0.00082830185,0.0008429745250000001,0.000842443
0.10436595,7872,7884,93931.5,94886.52857142857,84351.64821428571,94886.52857142857,79.966291205302,19.706172928984287,0.008157120272295664,2025-04-25 00:00:00,2025-04-25 12:00:00,0 days 12:00:00,,0.0008744165657772979,0.0008791576854486627,0.0008573892485764392,0.0008594584733189148,63.103647791224276,62.47279677966935,4.944642857142858e-06,5.840214285714301e-06,0.0009398060000000001,0.0009464260000000001,0.00091619,0.00092625,825708276000.0,772587836000.0,0.68,0.86,0.0008449943750000001,0.0008454000000000001,0.000853811,0.00085819275,0.00083296425,0.00083296425,0.00085089095,0.00085089095
0.10209069,8031,8054,96768.3,97779.88571428572,88000.62214285716,97779.88571428572,83.41192504775161,19.86155851781957,0.008443235321602441,2025-05-01 15:00:00,2025-05-02 14:00:00,0 days 23:00:00,,0.000920895778789535,0.0009275257157343367,0.0008834477563593113,0.0008876357776190618,70.0122963100975,66.48656815815247,5.328785714285708e-06,4.598714285714269e-06,0.00096858,0.00097262,0.000937,0.000961224,758800578000.0,774745566000.0,0.94,0.8,0.00088190725,0.0009257130000000001,0.0009412556250000001,0.00094360025,0.000836257475,0.0008389109,0.0008728121500000001,0.000885032125
0.1035099,8159,8160,96206.3,97391.18571428572,93943.51464285713,97391.18571428572,102.6081454106051,20.039256386537147,0.010303776660898656,2025-05-06 23:00:00,2025-05-07 00:00:00,0 days 01:00:00,,0.0009396073195666873,0.0009398344868785365,0.0009011484482327332,0.0009013097080590757,72.49594225445635,75.55675344760051,6.3192142857143e-06,6.514071428571429e-06,0.000962489,0.000968795,0.00093327,0.00093327,710114424000.0,716089424000.0,1.0,1.0,0.00094124675,0.000941283375,0.0009496322499999999,0.000949702,0.0008453367,0.000845362425,0.0009402114000000001,0.000940335225
0.10195785,8187,8199,98625.9,100008.3142857143,94082.53535714286,100008.3142857143,120.69567095570454,20.252317425010716,0.012002730230381526,2025-05-08 03:00:00,2025-05-08 15:00:00,0 days 12:00:00,,0.0009448424203529994,0.0009486283809074214,0.0009053159050174574,0.0009076504792064656,75.45041249678191,77.43613649023132,6.9894999999999735e-06,6.1184999999999745e-06,0.000988152,0.000998633,0.000957185,0.000957185,821870168000.0,1001335486000.0,0.98,1.0,0.0009429113750000001,0.000943743375,0.0009536847499999999,0.0009568822500000001,0.000846750975,0.00084780105,0.000941999575,0.0009426686499999999
0.09914748,8205,8205,102576.8,103982.79999999997,94242.77750000001,103982.79999999997,118.92149307018968,20.479863809808002,0.0116930962946785,2025-05-08 21:00:00,2025-05-08 21:00:00,0 days 00:00:00,,0.00095130963592011,0.00095130963592011,0.0009090982989589413,0.0009090982989589413,82.71313235211954,82.71313235211954,8.359571428571383e-06,8.359571428571383e-06,0.001028455,0.001028455,0.0009755,0.0009755,1074330078000.0,1074330078000.0,1.0,1.0,0.0009446331250000001,0.0009446331250000001,0.0009585572499999999,0.0009585572499999999,0.0008480816000000001,0.0008480816000000001,0.0009429371500000001,0.0009429371500000001
0.09896354,8239,8255,103907.90000000001,104656.71428571428,94465.05535714286,104656.71428571428,53.465019968406935,20.64029254844886,0.005199312770526266,2025-05-10 07:00:00,2025-05-10 23:00:00,0 days 16:00:00,,0.0009673964441915778,0.0009742452392310979,0.0009179384549819444,0.0009220301284973939,63.11218832890091,69.46780503637663,3.4507857142856904e-06,4.399000000000045e-06,0.001039199,0.00104085,0.0010224,0.001029381,869792608000.0,584108070000.0,0.38,0.82,0.000945773625,0.0009469666249999999,0.0009645428750000001,0.0009671137500000001,0.000850969125,0.000852157775,0.00094564135,0.000946685275
0.09861583,8256,8287,104788.8,105668.60000000002,94564.69249999999,105668.60000000002,66.00777605335979,20.754431180642005,0.006387539508039122,2025-05-11 00:00:00,2025-05-12 07:00:00,1 days 07:00:00,,0.0009747074901332168,0.0009870922612793668,0.0009223004589557793,0.0009302030297536204,62.62524228005105,55.53014421577549,4.938571428571466e-06,6.799857142857135e-06,0.001050001,0.001051904,0.0010294,0.001035024,590368930000.0,625480050000.0,0.68,0.54,0.000946973125,0.0009501216250000001,0.0009672663750000001,0.0009721065000000001,0.0008522589750000001,0.0008699748,0.00094674765,0.0009490846250000001
0.10035425,8430,8437,103597.8,104201.0142857143,101161.43035714285,104201.0142857143,39.68162307360995,20.853494158532143,0.0038168327071479657,2025-05-18 06:00:00,2025-05-18 13:00:00,0 days 07:00:00,,0.001015274237102451,0.0010163896071896275,0.0009581673118429268,0.0009594261129215751,53.834656417231606,72.59675664466288,3.0002142857142768e-06,3.108999999999977e-06,0.001036363,0.001040661,0.00102591,0.001028515,386225518000.0,387437588000.0,0.82,1.0,0.001013118625,0.001019171,0.0010345460000000001,0.001034747625,0.0009409679,0.000941196875,0.0009826174500000005,0.0009925362250000002
0.09964978000000001,8438,8438,104708.1,105329.99999999999,101823.83,105329.99999999999,41.041947725380005,20.930250456617998,0.003933429218942661,2025-05-18 14:00:00,2025-05-18 14:00:00,0 days 00:00:00,,0.0010166284137863742,0.0010166284137863742,0.0009596323368662552,0.0009596323368662552,77.25267385635071,77.25267385635071,3.5979285714285566e-06,3.5979285714285566e-06,0.001047805,0.001047805,0.001028515,0.001028515,416614822000.0,416614822000.0,1.0,1.0,0.001020195875,0.001020195875,0.0010347956250000001,0.0010347956250000001,0.00094123145,0.00094123145,0.0009929356000000001,0.0009929356000000001
0.09790469,8492,8510,106972.3,108526.94285714286,102709.65107142858,108526.94285714286,131.108440422122,21.09838656716329,0.012518601678057902,2025-05-20 20:00:00,2025-05-21 14:00:00,0 days 18:00:00,,0.0010263317378183747,0.0010311318226086529,0.0009696669140866585,0.0009735516365820348,62.03193297052469,70.67959427444384,7.843785714285703e-06,7.818857142857119e-06,0.001072529,0.0010795,0.001041152,0.0010515680000000001,1031489578000.0,1001192024000.0,0.86,1.0,0.0010294405,0.00103120175,0.0010378577500000001,0.0010390668750000001,0.0009450369,0.0009460092,0.00102827655,0.001029477075
0.09725796,8511,8519,108963.0,110526.87142857142,102885.60928571428,110526.87142857142,130.7518077093372,21.347137135805145,0.01233796386978003,2025-05-21 15:00:00,2025-05-21 23:00:00,0 days 08:00:00,,0.0010315187606644092,0.0010341698844792864,0.0009738087161900659,0.0009757241693970042,70.3631964116702,64.47436527103866,8.154071428571408e-06,1.3002071428571413e-05,0.00108988,0.001098042,0.0010515680000000001,0.001060379,1050535444000.0,1299227972000.0,0.98,0.88,0.0010313409999999999,0.001031656875,0.0010390871249999999,0.001039553125,0.0009461207500000001,0.0009467893,0.0010295593499999999,0.001030728175
0.09593774000000001,8524,8556,111755.9,109033.2,102755.90285714288,114646.21428571428,-282.391691968633,21.182007270634,-0.026338556622066356,2025-05-22 04:00:00,2025-05-23 12:00:00,1 days 08:00:00,,0.0010365573417106281,0.0010504191680046923,0.0009771741646687378,0.0009862091017907343,70.46648228105744,31.55178227615164,1.3392142857142858e-05,6.914642857142821e-06,0.001118664,0.001119595,0.001060379,0.0010881600000000001,1362164042000.0,1409728948000.0,0.94,0.02,0.00103195975,0.0010342892500000002,0.001040023375,0.001044932125,0.000946969975,0.00094965205,0.0010310352,0.00103311215
0.09579688,8615,8631,109122.6,110348.7,103476.335,110348.7,96.43188877845557,21.024665789544002,0.009224749960136579,2025-05-25 23:00:00,2025-05-26 15:00:00,0 days 16:00:00,,0.0010603234519029627,0.0010639916203127402,0.0009978748223612632,0.0010013220286186628,63.66611068419302,64.70348273849004,6.290642857142863e-06,4.510928571428559e-06,0.00109169,0.001101979,0.00106497,0.001071188,694840198000.0,658547362000.0,0.98,0.82,0.0010366025000000001,0.001036633375,0.0010687478749999999,0.00107394275,0.00096173885,0.000963505925,0.001037090225,0.0010381946250000002
0.09790492,8964,8971,107707.79999999999,108654.54285714285,104645.40357142857,108654.54285714285,71.50784582070146,21.182937868441144,0.0067811292616292585,2025-06-09 12:00:00,2025-06-09 19:00:00,0 days 07:00:00,,0.0010536126633918994,0.0010547490060422039,0.001029290571391244,0.0010300499888182294,76.15062775393082,74.64962769503438,4.5437142857143015e-06,6.3367142857142655e-06,0.0010777480000000001,0.0010849689999999999,0.001052532,0.001052532,395252034000.0,472780712000.0,0.98,0.96,0.001047874,0.001047874,0.00105768875,0.00105768875,0.001040121625,0.00104082425,0.0010589529,0.001060472925
0.09808033000000001,9139,9158,108207.09999999999,104940.97857142858,104940.97857142858,109229.74285714285,-341.24790141950785,20.905633885151644,-0.03215380050978955,2025-06-16 19:00:00,2025-06-17 14:00:00,0 days 19:00:00,,0.0010619827649922013,0.0010626135423406238,0.0010418559894838897,0.0010429168575751774,78.42208872137385,26.77659895743966,5.221714285714258e-06,5.482928571428576e-06,0.0010824839999999999,0.0010890000000000001,0.0010492,0.001051407,462557840000.0,654366444000.0,1.0,0.02,0.001051274,0.0010520751250000001,0.001060302125,0.001065339625,0.001050417425,0.001051691625,0.001075051075,0.0010756069
0.09557234,9441,9442,107657.99999999999,107955.97142857143,104699.75928571427,107955.97142857143,7.871094895592734,20.606731786121713,0.0007649915207680841,2025-06-29 09:00:00,2025-06-29 10:00:00,0 days 01:00:00,,0.001058102474131395,0.0010582560457318509,0.00104728467512059,0.001047359992156948,67.04328581372273,71.83766332597875,1.6445000000000194e-06,1.906428571428587e-06,0.001076964,0.0010793600000000001,0.001070398,0.001070591,290426520000.0,293934338000.0,1.0,1.0,0.001045738125,0.001045738125,0.001068036875,0.001068101625,0.00104744455,0.00104744455,0.0010612439,0.0010612439
0.09472891,9520,9520,108695.4,109573.97142857144,104766.43178571427,109573.97142857144,62.54969414390194,20.676419641813716,0.0060747930192343305,2025-07-02 16:00:00,2025-07-02 16:00:00,0 days 00:00:00,,0.0010635238470457814,0.0010635238470457814,0.001051218261319682,0.001051218261319682,76.26544122045895,76.26544122045895,4.83592857142858e-06,4.83592857142858e-06,0.001087546,0.001087546,0.0010501,0.0010501,596664218000.0,596664218000.0,1.0,1.0,0.0010473152500000001,0.0010473152500000001,0.00107137675,0.00107137675,0.0010490215249999999,0.0010490215249999999,0.00106828055,0.00106828055
0.09269666,9692,9713,111718.8,112835.0,107256.8575,112835.0,82.65262464169098,20.815387250308,0.007981165211226694,2025-07-09 20:00:00,2025-07-10 17:00:00,0 days 21:00:00,,0.0010790694007063123,0.001083478113685681,0.0010623597457242056,0.0010646563998510997,64.29368685543172,80.6540620196954,6.459714285714282e-06,4.749214285714277e-06,0.001120368,0.00112666,0.001082735,0.001104322,517454982000.0,630658570000.0,0.98,1.0,0.001074242875,0.0010748496249999998,0.001083150125,0.001086666625,0.0010561268749999999,0.001056960125,0.001078226275,0.001079817925
0.09178571,9714,9717,113682.2,114632.04285714285,107342.48607142856,114632.04285714285,66.22601614752969,20.955984883755285,0.006346891723468662,2025-07-10 18:00:00,2025-07-10 21:00:00,0 days 03:00:00,,0.001083812564757537,0.0010850012542179914,0.001064809910617246,0.001065334729932332,75.5340855095326,85.30560022468937,5.116428571428574e-06,8.222785714285708e-06,0.0011376000000000001,0.0011376000000000001,0.001104322,0.001104322,646685880000.0,755200474000.0,0.96,1.0,0.00107493275,0.001075038875,0.0010867502500000001,0.001086963375,0.001056960125,0.001056960125,0.001079890475,0.00108000015
0.0880724,9850,9885,119188.9,120368.3,108622.7525,120368.3,82.77421101872073,21.09837754128,0.007885321535814204,2025-07-16 10:00:00,2025-07-17 21:00:00,1 days 11:00:00,,0.0011425236340987847,0.001151966826449178,0.0010952837342390444,0.0011022136515093331,57.37335244581246,64.12302366461992,5.938214285714318e-06,8.227499999999973e-06,0.0011920400000000001,0.001198791,0.0011567810000000002,0.001174128,878150490000.0,658497748000.0,0.84,0.98,0.00108835,0.001088885125,0.0011719345,0.001176900875,0.001066381175,0.001070237575,0.0010869079500000001,0.001089601675
0.08933879,9950,9966,118378.7,118969.64285714286,116253.18357142858,118969.64285714286,31.589706056924445,21.204413759362286,0.0029869775076574044,2025-07-20 14:00:00,2025-07-21 06:00:00,0 days 16:00:00,,0.0011628237616168838,0.00116464824850329,0.0011131122188146097,0.0011154783831680926,62.00089839130829,66.62659341566754,3.087785714285721e-06,6.503999999999981e-06,0.00118383,0.001188566,0.001172459,0.001163701,352850796000.0,316851298000.0,1.0,0.98,0.0011640787499999999,0.0011715432500000002,0.00118092575,0.001181392875,0.001073038825,0.00107419905,0.001111857175,0.0011621900500000002
0.0893658,10191,10192,118678.4,117767.64357142858,117767.64357142858,119711.04285714286,-102.52066668502377,21.13018984059557,-0.009666480776138308,2025-07-30 15:00:00,2025-07-30 16:00:00,0 days 01:00:00,,0.0011772166227516023,0.0011772149840622228,0.0011411541627791607,0.0011412336651925256,49.20603827931044,46.08931543859392,5.424500000000044e-06,5.455142857142897e-06,0.001186923,0.001187635,0.0011704410000000001,0.0011704410000000001,459455926000.0,447813560000.0,0.66,0.52,0.00117922525,0.00117922525,0.001185318625,0.00118502125,0.001097014075,0.00109744325,0.0011806309,0.0011806309
0.08950444,10388,10426,117407.50000000001,117772.33750000001,115753.675,117772.33750000001,11.60493647377146,21.0496396547285,0.0011043388412154214,2025-08-07 20:00:00,2025-08-09 10:00:00,1 days 14:00:00,,0.0011556556775167005,0.0011582312004020595,0.001143744721536,0.001145642754664676,67.94187456600415,63.49440199525231,6.092000000000061e-06,3.0917142857142847e-06,0.001174872,0.001174812,0.001142114,0.0011585,474704358000.0,478984614000.0,0.88,0.7,0.001146963125,0.001146963125,0.00117761725,0.001177253875,0.001159537275,0.001165046,0.00118113055,0.00118113055
0.08878719,10444,10463,118480.0,119279.34285714287,116511.4360714286,119279.34285714287,49.86142218375505,21.10998394853229,0.004739901369730964,2025-08-10 04:00:00,2025-08-10 23:00:00,0 days 19:00:00,,0.0011594874731786864,0.0011624739922952022,0.0011465698356724588,0.0011481387011451302,73.1922848787699,68.24885448237207,4.09821428571428e-06,4.443428571428511e-06,0.001185,0.00119094,0.0011635,0.001172013,394138506000.0,422320504000.0,0.98,0.96,0.001146963125,0.001146963125,0.0011742131249999998,0.0011742131249999998,0.0011664097500000002,0.001168372575,0.001181147875,0.00118164875
0.08802022,10466,10466,120050.0,121037.38571428572,116693.46964285713,121037.38571428572,65.68934306649004,21.220564729796287,0.006216562503718718,2025-08-11 02:00:00,2025-08-11 02:00:00,0 days 00:00:00,,0.0011632829985551202,0.0011632829985551202,0.0011485051493115859,0.0011485051493115859,82.26900868866676,82.26900868866676,5.991571428571364e-06,5.991571428571364e-06,0.001200952,0.001200952,0.00117342,0.00117342,507338350000.0,507338350000.0,1.0,1.0,0.001146963125,0.001146963125,0.0011742131249999998,0.0011742131249999998,0.001168460175,0.001168460175,0.0011817281,0.0011817281
0.08724055,10467,10533,121837.5,123035.81428571427,116666.27035714287,123035.81428571427,83.17871473996146,21.362882618608573,0.00782551325682624,2025-08-11 03:00:00,2025-08-13 21:00:00,2 days 18:00:00,,0.0011636399287972788,0.0011766707610435267,0.0011486571933752672,0.0011556622086922581,80.06671203739688,67.75253419248969,6.202428571428513e-06,8.110999999999975e-06,0.001218809,0.0012299000000000001,0.00117342,0.00118829,530438280000.0,630198632000.0,0.98,0.94,0.001146963125,0.001146963125,0.0011742131249999998,0.001176140125,0.0011685371250000002,0.0011699326,0.001181755525,0.0011846342000000002
-0.09819496,10825,10847,109049.49999999999,111848.0,117925.14321428571,107214.22857142858,-296.48961673660114,21.6910211766,-0.027688320441634422,2025-08-26 01:00:00,2025-08-26 23:00:00,0 days 22:00:00,,0.0011495628667033313,0.0011433479287481724,0.001153848737494505,0.0011514636942492511,36.733214162724984,60.68910243809641,9.858571428571427e-06,7.08971428571432e-06,0.001128977,0.0011187710000000002,0.0010885880000000001,0.0010935,728955742000.0,720751270000.0,0.48,0.98,0.001146794,0.001137922125,0.001176483125,0.001173439125,0.0011490310250000001,0.0011471227000000002,0.001178086075,0.00117772035
-0.09357619,10898,10903,111425.0,110247.2,115657.6075,110247.2,89.47079667708246,20.743239904918,0.008580909131702938,2025-08-29 02:00:00,2025-08-29 07:00:00,0 days 05:00:00,,0.0011365394807443057,0.0011357048237947336,0.0011480342449364347,0.001147626270826783,39.19710442595086,27.889882620480606,5.783357142857185e-06,5.38228571428569e-06,0.00113429,0.00113429,0.001113501,0.0011085000000000001,442183644000.0,467215592000.0,0.02,0.02,0.00112888225,0.001128075625,0.0011546275,0.0011535128750000002,0.001142073525,0.00114141375,0.001173778775,0.001173447225
-0.0955873,10904,10909,109969.0,108892.54285714285,115512.7560714286,108892.54285714285,81.97524789588043,20.920383955548573,0.007798521401485896,2025-08-29 08:00:00,2025-08-29 13:00:00,0 days 05:00:00,,0.0011354396555303167,0.0011342403154618226,0.0011475112225008634,0.0011469736668674626,25.500753497728553,30.69716331508492,5.5346428571428236e-06,7.389785714285679e-06,0.00113429,0.001126623,0.0010985,0.0010936000000000001,481891094000.0,543911308000.0,0.02,0.08,0.001128034375,0.0011271578750000001,0.00115336575,0.00115265125,0.00114123385,0.00114028975,0.0011734212499999999,0.001172768625
-0.09710048,10910,10916,109056.49999999999,107578.44285714287,115486.81857142858,107578.44285714287,122.48470110265353,21.035356936201143,0.011566685158610176,2025-08-29 14:00:00,2025-08-29 20:00:00,0 days 06:00:00,,0.0011338901804753651,0.0011318665490476561,0.00114682843120294,0.0011459737448311896,26.226358633790298,27.68370425451934,8.063642857142807e-06,8.472642857142818e-06,0.001126623,0.001125857,0.001088081,0.001078696,588551640000.0,596383118000.0,0.04,0.06,0.0011263305000000002,0.0011254746250000001,0.00115257375,0.0011514061250000002,0.0011400655,0.0011393148,0.001172736575,0.001172112725
0.09237541,11334,11345,115893.19999999998,116738.6,111115.27499999998,116738.6,56.604713709963725,21.489457904037998,0.005287352493502786,2025-09-16 06:00:00,2025-09-16 17:00:00,0 days 11:00:00,,0.0011369351444134473,0.0011382773577327066,0.0011341834453768532,0.001134707694920607,57.98768614755806,66.24702534998562,4.281500000000015e-06,4.892928571428487e-06,0.001159122,0.0011605,0.001143385,0.001146,376575952000.0,436797176000.0,0.92,1.0,0.0011119965,0.00111279525,0.0011437420000000001,0.0011473651250000002,0.0011124206999999998,0.0011124206999999998,0.00114463705,0.00114463705
0.08676084,11787,11788,124012.2,124959.7857142857,111965.54214285714,124959.7857142857,60.612313926388055,21.60101861703943,0.005633427425458344,2025-10-05 03:00:00,2025-10-05 04:00:00,0 days 01:00:00,,0.001162278692454355,0.0011628726878533293,0.0011450904704000354,0.001145327062030668,70.15160555814789,78.23107040721042,4.969142857142834e-06,6.206357142857123e-06,0.0012437400000000001,0.0012437400000000001,0.00121432,0.00121432,531144748000.0,568418962000.0,0.9,0.98,0.0011205175,0.0011205175,0.0011528245000000002,0.0011528245000000002,0.0011210768,0.0011211140500000001,0.001155874725,0.0011559128
-0.09971917,12064,12079,108473.9,106376.88571428572,117341.15464285715,106376.88571428572,187.68778202429354,21.42474202527643,0.017351302940154117,2025-10-16 16:00:00,2025-10-17 07:00:00,0 days 15:00:00,,0.0011526530627108337,0.0011458508286464615,0.0011547581421048414,0.0011523477426376824,36.07260274630577,26.563273315280853,1.130285714285716e-05,8.85999999999995e-06,0.0011196000000000001,0.0011196000000000001,0.0010825000000000001,0.001066,718663830000.0,720152034000.0,0.18,0.02,0.0011411231250000001,0.0011293935,0.001220000625,0.001220000625,0.001128793475,0.0011272221,0.0011702658750000002,0.0011702658750000002
-0.10086732,12172,12173,109005.1,107566.2857142857,114995.45714285717,107566.2857142857,123.28436571203105,21.844975265686283,0.011212712983154304,2025-10-21 04:00:00,2025-10-21 05:00:00,0 days 01:00:00,,0.0011168691613659455,0.0011165908280678328,0.0011390651284118663,0.0011389228750746591,29.040158298713777,27.71105935849363,7.70857142857148e-06,7.587500000000057e-06,0.0011165,0.00111649,0.00109005,0.00107592,560553878000.0,573849526000.0,0.02,0.02,0.001107274375,0.001106983,0.0011475715,0.0011466887500000001,0.001115947575,0.0011158418,0.001156548325,0.001156548325
-0.10299813000000001,12484,12490,107886.0,106730.54285714286,111552.56857142856,106730.54285714286,96.90482242807704,22.10510258135057,0.008720692212149732,2025-11-03 04:00:00,2025-11-03 10:00:00,0 days 06:00:00,,0.0011094294924596582,0.0011080183768352487,0.0011242895719007259,0.0011236162870058722,25.773523295609607,21.79838944635256,5.799142857142861e-06,7.630500000000053e-06,0.00111216,0.0011071100000000001,0.0010785,0.0010692569999999999,266750070000.0,305072770000.0,0.02,0.02,0.001100096375,0.0010995372500000001,0.0011137925000000001,0.0011137925000000001,0.001104460325,0.001103805875,0.00114485985,0.0011433054750000001
-0.10597948,12496,12512,105718.80000000002,103844.97142857141,111660.32428571429,103844.97142857141,176.3779180863061,22.20945952283886,0.015742373163524555,2025-11-03 16:00:00,2025-11-04 08:00:00,0 days 16:00:00,,0.0011066355546449987,0.0011020676691541954,0.001122943152337872,0.0011208027251138647,35.92190465270592,31.68234441669898,9.615428571428629e-06,1.0172142857142821e-05,0.0011071100000000001,0.0010828,0.001055,0.001041253,425164000000.0,592433714000.0,0.22,0.22,0.001098776125,0.001096988375,0.0011137925000000001,0.0011137925000000001,0.001102881725,0.001101498075,0.0011416880250000002,0.001136193525
-0.11416923,12738,12748,99601.4,97576.21428571428,106722.86535714284,97576.21428571428,208.70227721076273,22.511616396237,0.018353237002692712,2025-11-13 18:00:00,2025-11-14 04:00:00,0 days 10:00:00,,0.0010473399641436367,0.0010436181397905063,0.0010853159538462183,0.0010832130616832884,24.866600499560946,31.96942341192117,1.0844785714285683e-05,1.222157142857143e-05,0.001040246,0.001037654,0.000995568,0.00097959,702407190000.0,841661712000.0,0.02,0.18,0.001028210875,0.00102506825,0.0010640860000000001,0.0010599225,0.0010643953,0.00106351345,0.001105653925,0.00110468625
-0.12264046,12765,12835,94336.6,91809.37142857142,105581.25928571429,91809.37142857142,287.111446961997,22.82902756314686,0.024816270673312442,2025-11-14 21:00:00,2025-11-17 19:00:00,2 days 22:00:00,,0.0010348716481705705,0.0010038919719694021,0.0010787249229545653,0.0010605192296957303,36.47777151316177,28.18175164861755,1.2591785714285745e-05,9.839214285714266e-06,0.000998628,0.000960122,0.000941502,0.0009236680000000001,1043851550000.0,648461780000.0,0.48,0.04,0.0010209396250000001,0.0010075745000000002,0.001051908,0.0010316510000000002,0.00105825235,0.001034836425,0.0011024764,0.001098143925
-0.13478914,12905,12907,87855.5,86118.75714285714,102345.37392857141,86118.75714285714,210.64423561300404,23.44984050242457,0.017787942701367604,2025-11-20 17:00:00,2025-11-20 19:00:00,0 days 02:00:00,,0.0009703293566205449,0.0009689559663053754,0.001039433093286031,0.0010386667941020811,23.216026724222004,25.49455179966067,9.76207142857144e-06,1.0495857142857163e-05,0.0009315,0.0009315,0.0008745000000000001,0.000862609,954187376000.0,975688184000.0,0.02,0.08,0.0009557517500000001,0.000955247125,0.0010208486249999999,0.0010208486249999999,0.001020505825,0.00102021525,0.001096796275,0.001096127125
-0.14101173,12915,12919,85396.3,82758.31428571428,102480.57535714285,82758.31428571428,348.2751562188041,23.711773067911288,0.028921991936418912,2025-11-21 03:00:00,2025-11-21 07:00:00,0 days 04:00:00,,0.0009636669182769355,0.0009607870678631734,0.0010356447943364615,0.0010340396604875365,33.015613305356254,27.71284420808537,1.2944357142857148e-05,1.2735285714285719e-05,0.000924986,0.000924986,0.00085288,0.00085288,1067883580000.0,1153513708000.0,0.24,0.12,0.000952489875,0.00095201325,0.0010208486249999999,0.0010206935,0.0010195550000000001,0.0010194119,0.0010948335499999999,0.00109453105
-0.14425489,13157,13167,85767.7,84251.25714285714,91349.29142857144,84251.25714285714,194.22823158787116,24.52606596055757,0.01569849605387582,2025-12-01 05:00:00,2025-12-01 15:00:00,0 days 10:00:00,,0.0009062058396534549,0.000903275344681029,0.0009733637943646915,0.0009708905075617185,17.52215806091212,24.099326397310307,7.665285714285712e-06,7.778285714285702e-06,0.000919344,0.000915923,0.00085666,0.0008470010000000001,422919568000.0,618777786000.0,0.1,0.18,0.000872300625,0.0008704839999999999,0.0009110787500000001,0.0009095553750000002,0.00091323975,0.0009117932499999999,0.001022259975,0.001020549175
-0.14869377,13580,13727,84447.0,87962.0,90634.52892857142,82499.05714285714,-548.2947457419294,25.63614419193,-0.04366536407450833,2025-12-18 20:00:00,2025-12-24 23:00:00,6 days 03:00:00,,0.0008898504148501568,0.000883259301502193,0.0009259004526576004,0.0009129556405685689,33.13676194337411,54.0969211038741,1.0146714285714283e-05,4.335285714285709e-06,0.000894479,0.0008803330000000001,0.000844299,0.00086355,872178998000.0,445150982000.0,0.04,0.96,0.000893066375,0.000875779125,0.000903356875,0.000892436,0.000879731575,0.000880296725,0.0009099036,0.0009045519000000001
-0.13590958,14570,14582,88561.7,87198.41428571429,91694.02785714286,87198.41428571429,161.3961055352473,23.88748331332343,0.013409019926220836,2026-01-29 02:00:00,2026-01-29 14:00:00,0 days 12:00:00,,0.0008997564710649175,0.0008982125325524924,0.0009081302058438565,0.0009073823104878586,34.471327395909015,30.375052774175558,7.296785714285709e-06,4.490999999999945e-06,0.000905927,0.0009014919999999999,0.000885087,0.0008765010000000001,517201676000.0,552531970000.0,0.02,0.02,0.0008928471249999999,0.00089179525,0.0009270007499999999,0.000924063,0.000894572075,0.00089420575,0.0009148953500000001,0.0009148953500000001
-0.14014399,14583,14583,86978.8,86080.5,91624.265,86080.5,101.63812540839231,24.253220808607004,0.008338131820627542,2026-01-29 15:00:00,2026-01-29 15:00:00,0 days 00:00:00,,0.0008978854060903495,0.0008978854060903495,0.0009072526716188511,0.0009072526716188511,19.323843576828793,19.323843576828793,5.960285714285661e-06,5.960285714285661e-06,0.0008988010000000001,0.0008988010000000001,0.0008694610000000001,0.0008694610000000001,661682662000.0,661682662000.0,0.02,0.02,0.000891712875,0.000891712875,0.0009207255000000001,0.0009207255000000001,0.0008941259,0.0008941259,0.0009148953500000001,0.0009148953500000001
-0.1592185,14703,14705,77164.5,75779.0142857143,89369.57285714285,75779.0142857143,196.2435202706996,24.3514369293,0.01597291759811828,2026-02-03 15:00:00,2026-02-03 17:00:00,0 days 02:00:00,,0.0008421610230126711,0.0008410287933064293,0.0008821415156557623,0.0008815852091565577,49.03685018113921,30.244321070511205,7.425642857142821e-06,7.97599999999998e-06,0.00079163,0.00079163,0.000771312,0.00076448,1003240508000.0,1034062920000.0,0.48,0.06,0.0008418268750000001,0.0008407841250000001,0.000891422875,0.0008910745000000001,0.0008929113,0.000892800775,0.0009148953500000001,0.0009148953500000001
-0.16655798,14706,14706,74882.4,73287.2,89346.73000000001,73287.2,241.0144604225913,24.678829273408,0.019324038759441452,2026-02-03 18:00:00,2026-02-03 18:00:00,0 days 00:00:00,,0.0008402984823874496,0.0008402984823874496,0.0008812512064725253,0.0008812512064725253,24.466925208598227,24.466925208598227,9.141285714285702e-06,9.141285714285702e-06,0.00079163,0.00079163,0.000748447,0.000748447,1102299662000.0,1102299662000.0,0.02,0.02,0.0008402302500000001,0.0008402302500000001,0.00089105225,0.00089105225,0.0008926765,0.0008926765,0.0009148953500000001,0.0009148953500000001
-0.17372044,14707,14738,73111.7,71283.44285714286,89379.46357142857,71283.44285714286,292.5212475392804,25.084387751005714,0.02303136160149475,2026-02-03 19:00:00,2026-02-05 02:00:00,1 days 07:00:00,,0.0008396914359928485,0.0008225465899538046,0.0008809575034614875,0.0008721353696358576,37.42303323973138,29.96499750843013,1.0384357142857134e-05,1.3458785714285711e-05,0.00079163,0.0007676100000000001,0.000731,0.00071838,1172788576000.0,1282443106000.0,0.22,0.06,0.000839864875,0.0008229645,0.000891005375,0.0008874552500000001,0.000892541675,0.0008894808000000001,0.0009148953500000001,0.0009147530499999999
-0.19618849,14754,14756,66153.8,63589.04285714285,88696.69107142858,63589.04285714285,477.7217786454087,25.454052428450144,0.03680838137794061,2026-02-05 18:00:00,2026-02-05 20:00:00,0 days 02:00:00,,0.0008097722649958877,0.0008075887720102135,0.0008660033666052335,0.0008650230124916283,23.707529042766296,17.965964048575785,1.3121499999999983e-05,1.5461142857142853e-05,0.000736753,0.000733163,0.00066125,0.0006516,1858553292000.0,1912875362000.0,0.06,0.02,0.000787571625,0.0007871192500000001,0.000883018875,0.000882888375,0.000886096175,0.00088545025,0.0009125068750000001,0.0009123570750000001
-0.20136175,15169,15169,66705.8,66038.38571428572,68742.74964285715,66038.38571428572,107.66210700867396,26.729601537753574,0.008015346491609383,2026-02-23 01:00:00,2026-02-23 01:00:00,0 days 00:00:00,,0.0006873200354804719,0.0006873200354804719,0.000754610670478864,0.000754610670478864,14.373019893301105,14.373019893301105,5.015357142857135e-06,5.015357142857135e-06,0.0006822,0.0006822,0.0006668010000000001,0.0006668010000000001,477505208000.0,477505208000.0,0.02,0.02,0.000675444625,0.000675444625,0.0006862555,0.0006862555,0.00068497975,0.00068497975,0.000782859325,0.000782859325
-0.21019975,15170,15193,64387.2,63384.12857142857,68776.01071428572,63384.12857142857,183.9878621949753,26.857501322882143,0.013594318435962486,2026-02-23 02:00:00,2026-02-24 01:00:00,0 days 23:00:00,,0.0006870549455437246,0.0006821369906206999,0.0007543727422425068,0.0007493005755918464,20.94305815698125,32.48869921097072,5.182999999999982e-06,6.630642857142865e-06,0.0006822,0.000665745,0.0006423280000000001,0.0006386,499297246000.0,776034034000.0,0.04,0.22,0.000675225125,0.000672620625,0.000686097375,0.0006835750000000001,0.00068471845,0.0006819424750000001,0.00078273135,0.0007760681000000001
-0.20945659,15281,15294,65449.3,64288.485714285714,68350.64714285714,64288.485714285714,215.96576771913516,27.174434189865,0.015753820132530075,2026-02-27 17:00:00,2026-02-28 06:00:00,0 days 13:00:00,,0.0006743173660337068,0.0006726690654291974,0.0007340100863279109,0.0007317459374742107,35.38121324640859,20.96451512572382,5.821428571428585e-06,5.401785714285726e-06,0.0006818880000000001,0.0006738100000000001,0.000654332,0.000648756,961644686000.0,828177528000.0,0.1,0.02,0.0006719027500000001,0.000669376,0.00068174325,0.000680612,0.000677610725,0.0006763929499999999,0.000704605075,0.00070324175
-0.22024557,15295,15351,63173.8,67128.6,68223.25357142858,62093.442857142865,-899.7257065963687,28.698526360368007,-0.06466450332257989,2026-02-28 07:00:00,2026-03-02 15:00:00,2 days 08:00:00,,0.0006724379354263457,0.0006691603834935139,0.0007315375868915821,0.000723354387429225,30.038665066063317,69.75584112013118,5.882642857142867e-06,8.449571428571414e-06,0.000667626,0.00067188,0.000629795,0.00065011,871651266000.0,1020682052000.0,0.04,1.0,0.000669314375,0.0006627022500000001,0.000680511875,0.0006763767500000001,0.00067633665,0.0006726402749999999,0.0007031462250000001,0.000693297925
-0.19651778,15947,16006,66456.4,65417.67142857143,70827.41428571429,65417.67142857143,178.213033123008,25.915599756704285,0.013645856531500144,2026-03-27 11:00:00,2026-03-29 22:00:00,2 days 11:00:00,,0.0007020101529599178,0.0006898368783072762,0.0007089640663290178,0.0007034956861943476,20.7909486527726,33.979146158118155,5.387928571428544e-06,4.143428571428558e-06,0.0006947260000000001,0.000671,0.000662574,0.00066111,807405024000.0,393210810000.0,0.04,0.1,0.0007036523749999999,0.0006905,0.0007121374999999999,0.0007086723749999999,0.0006828393,0.00068155305,0.0007067160499999999,0.0007067160499999999
0.1773324,16367,16382,74600.0,75904.55714285714,68238.60892857143,75904.55714285714,204.65091475091938,26.68933432908,0.01546987380314041,2026-04-13 23:00:00,2026-04-14 14:00:00,0 days 15:00:00,,0.0007047241716509162,0.0007085568446624875,0.0007004583694209747,0.0007019172534711945,75.51115806952812,65.73737519626344,6.71042857142855e-06,4.300714285714293e-06,0.0007475,0.00075484,0.000705173,0.00072,710834410000.0,769880638000.0,0.98,0.66,0.00067647375,0.0006814352500000001,0.000711124125,0.000714363375,0.000684343075,0.000684343075,0.000710203875,0.000710607775
0.17366402,16454,16475,77294.2,76150.0,70593.60714285713,78357.58571428571,-225.35410830168337,26.647736617684004,-0.016788377394422856,2026-04-17 14:00:00,2026-04-18 11:00:00,0 days 21:00:00,,0.0007232920724455489,0.0007294708645357661,0.000708552047281539,0.0007113851582640581,76.33260395878966,39.11348074321417,5.8727142857142704e-06,3.2194285714285292e-06,0.000773763,0.0007830000000000001,0.00074202,0.0007609180000000001,806736752000.0,830230852000.0,1.0,0.04,0.000707598875,0.0007103705,0.0007289832500000001,0.0007364454999999999,0.000684343075,0.000684343075,0.0007120590000000001,0.0007120590000000001
0.17292145,16531,16563,76389.3,77634.5,71648.7325,77634.5,188.68777070948875,26.63401883051,0.014284411560257742,2026-04-20 19:00:00,2026-04-22 03:00:00,1 days 08:00:00,,0.0007366537369216356,0.0007411649562811764,0.0007162190723518557,0.0007192297743491362,64.16608044211212,68.36210807545574,6.1439999999999966e-06,6.539142857142881e-06,0.00076439,0.00077613,0.00073669,0.000747779,586095764000.0,710852088000.0,0.98,0.98,0.00071846225,0.0007278983750000001,0.0007459188750000001,0.0007495886250000001,0.000684343075,0.000684343075,0.000716212575,0.0007211720000000001
0.16991592,16574,16849,78794.4,79712.04285714285,72782.13107142858,79712.04285714285,128.98936223885735,26.932768063998857,0.009634395519043288,2026-04-22 14:00:00,2026-05-04 01:00:00,11 days 11:00:00,,0.0007440242599031237,0.0007709674799144935,0.0007207347466029229,0.000745792550337152,79.12289935217095,69.76201025973934,4.8237857142857025e-06,4.1862857142857395e-06,0.00078799,0.000794289,0.000747779,0.00078027,788085374000.0,294224014000.0,1.0,0.98,0.00072927275,0.000767585875,0.000751120375,0.0007797241250000001,0.000684343075,0.00072872045,0.0007261978999999999,0.000767821575
0.16940218,16850,16865,79756.0,80593.15714285713,76632.99892857143,80593.15714285713,114.65274822140867,27.16349678116257,0.008485982066732189,2026-05-04 02:00:00,2026-05-04 17:00:00,0 days 15:00:00,,0.0007711694634366563,0.0007736055590877713,0.0007459159098258598,0.0007475835664103395,73.38011922667278,63.62408391809904,4.67021428571431e-06,7.147357142857131e-06,0.000798498,0.0008059019999999999,0.00078027,0.000781283,341832048000.0,698977436000.0,1.0,0.82,0.0007676927500000001,0.0007702305,0.000779770875,0.0007810738749999999,0.0007288318,0.0007321518000000001,0.00076807605,0.0007701645
0.1662886,16905,16907,81903.7,82790.34285714287,77357.07607142857,82790.34285714287,120.0518575992323,27.386741815054286,0.00881460561959617,2026-05-06 09:00:00,2026-05-06 11:00:00,0 days 02:00:00,,0.0007821260785248694,0.0007826759463162861,0.0007528722396063116,0.0007531860601157926,65.6938752427512,71.95998814366925,4.513428571428536e-06,4.726428571428529e-06,0.00081945,0.000823609,0.000806512,0.000806512,836540392000.0,878580018000.0,0.78,1.0,0.000774900875,0.000774900875,0.000783334375,0.000783630125,0.0007429884,0.0007432365500000001,0.000774542125,0.000774625375
0.16875564,17008,17014,81381.5,81768.54285714285,78047.80357142857,81768.54285714285,37.78317516618492,27.532489898384572,0.0027511512356703407,2026-05-10 16:00:00,2026-05-10 22:00:00,0 days 06:00:00,,0.0007937234170722138,0.0007944567040671852,0.0007636624910491764,0.0007643083126679095,75.18580748409475,68.60026674189623,2.035142857142847e-06,4.39699999999999e-06,0.000814232,0.0008158789999999999,0.0008053369999999999,0.000802251,249863124000.0,290978574000.0,0.98,0.9,0.0007812812500000001,0.0007813676249999999,0.0008016037500000001,0.0008021514999999999,0.0007565127,0.00075728505,0.000781571725,0.0007818246250000001
0.16789304,17015,17080,82013.2,78794.7,78004.8525,82892.7,-567.362276427016,26.998527187016002,-0.041204439041520144,2026-05-10 23:00:00,2026-05-13 16:00:00,2 days 17:00:00,,0.0007946382342727189,0.00079948889754621,0.0007644358791214768,0.0007703897228036776,70.3035608873742,29.863793669866965,4.599928571428566e-06,4.253285714285687e-06,0.000821389,0.000812702,0.000802251,0.0007875310000000001,310156832000.0,554419858000.0,0.94,0.08,0.0007813676249999999,0.00079110575,0.0008021755,0.000807915,0.0007574209,0.0007631437,0.000781882175,0.00078775235
-0.18060837,17522,17528,73257.9,72593.72857142857,77006.23571428572,72593.72857142857,93.61289421672593,26.34202489813114,0.007075275158037583,2026-06-01 02:00:00,2026-06-01 08:00:00,0 days 06:00:00,,0.0007545742672577531,0.0007536946451365641,0.0007644520750917768,0.0007640244468132512,50.51638320967604,35.77143182219761,3.720714285714307e-06,4.190928571428577e-06,0.0007417989999999999,0.0007417989999999999,0.00073235,0.0007266800000000001,247554862000.0,278477270000.0,0.42,0.04,0.000750006125,0.000746519,0.00076901925,0.0007689885,0.00076986815,0.00076986815,0.000796784725,0.000796784725
-0.18863359000000002,17546,17553,70612.2,69527.95714285715,76976.67392857143,69527.95714285715,178.08948162969185,26.43514094502129,0.013370249050447279,2026-06-02 02:00:00,2026-06-02 09:00:00,0 days 07:00:00,,0.0007494036942826923,0.0007472317238723353,0.0007621361194736521,0.0007612049711801997,31.33596984772616,20.554043366810447,5.505357142857136e-06,5.030928571428545e-06,0.000733393,0.00072288,0.000705557,0.000696668,600846714000.0,696324846000.0,0.24,0.04,0.000739817625,0.0007391184999999999,0.0007681358750000001,0.000767874125,0.0007688351,0.00076850265,0.000796784725,0.000796784725
-0.20328523,17567,17588,66354.3,64896.14285714286,76969.60857142857,64896.14285714286,269.7405336980404,26.681276463816147,0.019997297839024753,2026-06-02 23:00:00,2026-06-03 20:00:00,0 days 21:00:00,,0.000741075346813917,0.0007311851674821362,0.0007586653230089015,0.0007544161818237107,23.651494968115344,24.767078230080458,7.398499999999994e-06,5.613571428571407e-06,0.000710227,0.000674938,0.0006621,0.00065199,1136540952000.0,1273857752000.0,0.34,0.36,0.000737936875,0.0007357642500000001,0.0007675090000000001,0.000765625,0.00076767635,0.0007667322500000001,0.000796784725,0.000796784725
-0.21436899,17592,17593,64117.69999999999,62789.399999999994,76679.995,62789.399999999994,257.541382566171,27.204946850828996,0.0187373049875464,2026-06-04 00:00:00,2026-06-04 01:00:00,0 days 01:00:00,,0.0007289189722785019,0.0007282045804361198,0.0007534488735517436,0.0007531557639545145,23.147911582884802,19.068983000175294,7.416928571428561e-06,8.201571428571428e-06,0.000674938,0.000674938,0.000640508,0.000629119,1388139396000.0,1445617690000.0,0.28,0.16,0.0007356637499999999,0.00073557875,0.0007643445000000001,0.000763542625,0.000766427425,0.0007663990750000001,0.000796784725,0.000796784725
-0.22512354,17594,17630,62140.399999999994,60499.985714285714,76600.30964285714,60499.985714285714,341.68663328760493,27.60923777896543,0.024424913582789896,2026-06-04 02:00:00,2026-06-05 14:00:00,1 days 12:00:00,,0.0007275652410312286,0.000706920608949206,0.0007528867922254256,0.0007435250645842114,30.88829514932405,34.42540753596961,9.538571428571415e-06,1.0157428571428576e-05,0.000674938,0.000641508,0.000620666,0.0006069080000000001,1534628954000.0,1681202238000.0,0.62,0.3,0.0007355315,0.0007311360000000001,0.0007613571250000001,0.000754116,0.000766369725,0.0007580527,0.000796784725,0.00079230745
